{"client": 1, "accuracy": 0.5882838368415833, "recall": 0.5882838283828383, "f1": 0.5645420148251618, "loss": 1.000956654548645}
