{"client": 3, "accuracy": 0.6000000238418579, "recall": 0.6, "f1": 0.577950043066322, "loss": 0.9494480490684509}
