{"client": 2, "accuracy": 0.8282352685928345, "recall": 0.8282352941176471, "f1": 0.8266611176434433, "loss": 0.4700864553451538}
