{"client": 5, "accuracy": 0.8318009972572327, "recall": 0.8318009734991888, "f1": 0.830563754240407, "loss": 0.47233670949935913}
