{"client": 5, "accuracy": 0.590141773223877, "recall": 0.5901417960837272, "f1": 0.5682482735600592, "loss": 0.9869556427001953}
