{"client": 3, "accuracy": 0.8264277577400208, "recall": 0.826427771556551, "f1": 0.8246664295521497, "loss": 0.4679591655731201}
