{"client": 1, "accuracy": 0.8304508924484253, "recall": 0.8304508956145769, "f1": 0.8287680621191159, "loss": 0.46887508034706116}
{"client": 1, "accuracy": 0.8656578063964844, "recall": 0.865657813465102, "f1": 0.8648326133676114, "loss": 0.29506033658981323}
{"client": 1, "accuracy": 0.8523780107498169, "recall": 0.8523780111179741, "f1": 0.8511169852556407, "loss": 0.34296339750289917}
{"client": 1, "accuracy": 0.8690549731254578, "recall": 0.8690549722050649, "f1": 0.8683436900652091, "loss": 0.2859278619289398}
{"client": 1, "accuracy": 0.8681284785270691, "recall": 0.8681284743668931, "f1": 0.8674655775007445, "loss": 0.28590670228004456}
