{"client": 2, "accuracy": 0.581850528717041, "recall": 0.5818505338078291, "f1": 0.5604523609835322, "loss": 0.9907291531562805}
